ID,character
0001,一
0002,二
0003,人
0004,入
0005,几
0006,幾
0007,七
0008,八
0009,九
0010,十
0011,刀
0012,力
0013,乃
0014,又
0015,三
0016,于
0017,於
0018,干
0019,幹
0020,亏
0021,士
0022,工
0023,土
0024,才
0025,寸
0026,下
0027,大
0028,丈
0029,之
0030,与
0031,與
0032,万
0033,萬
0034,上
0035,小
0036,口
0037,巾
0038,山
0039,川
0040,个
0041,個
0042,久
0043,凡
0044,及
0045,么
0046,麼
0047,广
0048,亡
0049,门
0050,門
0051,义
0052,義
0053,尸
0054,弓
0055,己
0056,子
0057,卫
0058,也
0059,女
0060,飞
0061,飛
0062,习
0063,習
0064,马
0065,馬
0066,乡
0067,鄉
0068,丰
0069,豐
0070,王
0071,开
0072,開
0073,夫
0074,天
0075,无
0076,無
0077,元
0078,专
0079,專
0080,扎
0081,艺
0082,藝
0083,木
0084,五
0085,支
0086,不
0087,区
0088,區
0089,历
0090,尤
0091,友
0092,匹
0093,车
0094,車
0095,巨
0096,牙
0097,屯
0098,比
0099,互
0100,切
0101,瓦
0102,少
0103,日
0104,月
0105,中
0106,冈
0107,岡
0108,贝
0109,内
0110,內
0111,水
0112,见
0113,見
0114,牛
0115,手
0116,毛
0117,气
0118,氣
0119,升
0120,长
0121,長
0122,仁
0123,什
0124,片
0125,化
0126,斤
0127,爪
0128,反
0129,介
0130,父
0131,从
0132,從
0133,今
0134,凶
0135,分
0136,乏
0137,公
0138,氏
0139,勿
0140,欠
0141,风
0142,風
0143,丹
0144,文
0145,六
0146,火
0147,为
0148,為
0149,斗
0150,鬥
0151,认
0152,心
0153,尺
0154,引
0155,丐
0156,丑
0157,队
0158,隊
0159,办
0160,辦
0161,以
0162,予
0163,双
0164,雙
0165,书
0166,書
0167,出
0168,可
0169,左
0170,右
0171,对
0172,對
0173,永
0174,发
0175,發
0176,用
0177,去
0178,本
0179,只
0180,它
0181,民
0182,正
0183,业
0184,外
0185,头
0186,央
0187,加
0188,代
0189,世
0190,东
0191,東
0192,立
0193,处
0194,處
0195,平
0196,打
0197,四
0198,电
0199,電
0200,务
0201,必
0202,市
0203,司
0204,白
0205,且
0206,北
0207,边
0208,邊
0209,让
0210,讓
0211,失
0212,布
0213,未
0214,叫
0215,田
0216,台
0217,臺
0218,击
0219,冬
0220,写
0221,寫
0222,功
0223,包
0224,丘
0225,史
0226,乎
0227,号
0228,在
0229,节
0230,節
0231,有
0232,地
0233,会
0234,而
0235,妇
0236,那
0237,自
0238,年
0239,过
0240,過
0241,后
0242,後
0243,夹
0244,夾
0245,臼
0246,行
0247,成
0248,母
0249,多
0250,如
0251,同
0252,当
0253,當
0254,动
0255,動
0256,好
0257,她
0258,因
0259,并
0260,向
0261,产
0262,西
0263,合
0264,回
0265,老
0266,次
0267,任
0268,先
0269,名
0270,各
0271,安
0272,再
0273,场
0274,場
0275,光
0276,式
0277,齐
0278,齊
0279,色
0280,死
0281,交
0282,共
0283,灰
0284,师
0285,師
0286,观
0287,觀
0288,争
0289,夺
0290,存
0291,百
0292,夷
0293,华
0294,華
0295,早
0296,兆
0297,众
0298,农
0299,農
0300,曲
0301,吃
0302,尽
0303,盡
0304,旬
0305,我
0306,这
0307,這
0308,来
0309,來
0310,时
0311,時
0312,你
0313,作
0314,里
0315,裏
0316,没
0317,沒
0318,还
0319,還
0320,但
0321,两
0322,兩
0323,间
0324,应
0325,應
0326,体
0327,體
0328,身
0329,声
0330,聲
0331,走
0332,系
0333,更
0334,别
0335,报
0336,報
0337,克
0338,形
0339,却
0340,求
0341,步
0342,余
0343,改
0344,言
0345,男
0346,极
0347,極
0348,快
0349,远
0350,遠
0351,君
0352,花
0353,际
0354,局
0355,的
0356,和
0357,到
0358,所
0359,事
0360,卑
0361,夜
0362,经
0363,經
0364,学
0365,學
0366,亞
0367,定
0368,其
0369,奉
0370,些
0371,者
0372,使
0373,明
0374,知
0375,物
0376,制
0377,果
0378,表
0379,房
0380,協
0381,变
0382,變
0383,建
0384,金
0385,空
0386,非
0387,放
0388,该
0389,林
0390,参
0391,画
0392,函
0393,罗
0394,质
0395,店
0396,委
0397,炎
0398,垂
0399,青
0400,是
0401,说
0402,說
0403,要
0404,种
0405,面
0406,麵
0407,看
0408,前
0409,点
0410,将
0411,很
0412,重
0413,战
0414,美
0415,给
0416,度
0417,临
0418,神
0419,香
0420,界
0421,省
0422,春
0423,南
0424,类
0425,修
0426,带
0427,亲
0428,食
0429,复
0430,须
0431,查
0432,显
0433,费
0434,冠
0435,语
0436,能
0437,家
0438,都
0439,起
0440,高
0441,海
0442,被
0443,原
0444,真
0445,展
0446,爱
0447,愛
0448,島
0449,逢
0450,流
0451,离
0452,病
0453,率
0454,得
0455,棄
0456,着
0457,第
0458,情
0459,常
0460,做
0461,接
0462,基
0463,蛋
0464,國
0465,象
0466,望
0467,淺
0468,爽
0469,商
0470,断
0471,随
0472,就
0473,街
0474,喜
0475,渴
0476,然
0477,最
0478,期
0479,强
0480,集
0481,装
0482,尊
0483,想
0484,数
0485,感
0486,腦
0487,路
0488,亂
0489,照
0490,實
0491,题
0492,樂
0493,整
0494,樹
0495,獨
0496,器
0497,醫
0498,難
0499,麗
0500,聽